Model,Train AUROC,Test AUROC,Gap,Overfit Risk
Logistic Regression,0.8369361772842896,0.838907388212334,-0.00197121092804442,Low
Random Forest,0.9159907082380292,0.8674776404081492,0.04851306782987996,Medium
XGBoost,0.8655335652635832,0.8585179005400888,0.0070156647234943526,Low
SVM,0.8502233572619581,0.8503780724173886,-0.00015471515543052927,Low
