Strategy,AUROC,PR AUC,F1 Score,Recall @0.5
Domain-Informed,0.9956190914390394,0.9856770671738753,0.965166253779452,0.9932218707636693
KNN Imputation,0.9922636515571513,0.9729731989026768,0.9601146174353321,0.994276246422654
MICE Imputation,0.9924999511068887,0.9710017613468942,0.9634196364584828,0.9954812471757796
Simple (Median/Mode),0.9928937550973213,0.9760431606158816,0.9644498775676054,0.9953306220816388
