Strategy,AUROC,PR AUC,Recall (default)
Domain-Informed,0.9925527042007932,0.9776565207482695,0.6647085404428378
KNN Imputation,0.9864894951863444,0.9489538840505548,0.6632022895014309
MICE Imputation,0.9880247560405295,0.9527816526440825,0.9975899984937491
Simple (Median/Mode),0.9891179717010102,0.9597483502891776,0.9983431239644524
