Model,AUROC,PR AUC,Recall (default)
Deep Neural Network,0.9967242387342551,0.9894813243246219,0.9981924988703117
LightGBM,0.9997616203485924,0.9992222530804211,0.5
Logistic Regression,0.9706528362636605,0.8906517283940204,0.9946904654315409
