Model,Strategy,AUROC,PR AUC,Accuracy,F1 Score,Recall (default),Recall @0.3,Recall @0.5,Recall @0.7
Random Forest,Simple (Median/Mode),0.9999418429306223,0.9998826071779817,0.9930334696350144,0.9897137745974955,1.0,1.0,1.0,0.9963849977406236
Random Forest,KNN Imputation,0.9990085506331916,0.9975411807162669,0.9913675601999091,0.9872853000223065,1.0,1.0,1.0,0.9950293718933574
Random Forest,MICE Imputation,0.9998187352227004,0.9996191699389281,0.9909132212630622,0.9866250557289344,1.0,1.0,1.0,0.9927699954812472
Random Forest,Domain-Informed,0.9999988677384722,0.9999977650053478,0.9954566106315311,0.9932675044883303,1.0,1.0,1.0,0.9995481247175779
